,name,average_rating,user,user_rating,comment,url,target
0,í”¼ì˜¤ë‹ˆí™ëŒ€ì ,3.8,iiillii11,4.0,ì²˜ìŒ ë”¸ê¸°ì¼€ì´í¬ë¨¹ì—ˆì„ë•Œ ì¶©ê²©ì´ ì•„ì§ë„ ê¸°ì–µë‚˜ìš”! ì§€ê¸ˆë„ ì—¬ì „ížˆ ë§›ìžˆë„¤ìš”~,https://place.map.kakao.com/26235884,1
1,í”¼ì˜¤ë‹ˆí™ëŒ€ì ,3.8,ì •ìž¬í›ˆ,5.0,ì¡´ë§› ê°œì¶”,https://place.map.kakao.com/26235884,1
2,í”¼ì˜¤ë‹ˆí™ëŒ€ì ,3.8,í¬ì•¼,5.0,ì—­ì‹œ ë”¸ê¸°ëŠ” ë‹¤ ì˜³ì•„ ë”¸ê¸°ì¼€ì´í¬ ìµœê³ ë¡œ ë§›ìžˆì–´ìš”,https://place.map.kakao.com/26235884,1
3,í”¼ì˜¤ë‹ˆí™ëŒ€ì ,3.8,mfirst75,5.0,ë”¸ê¸° ë„˜ ì¢‹ì•„ìš” ë§›ìžˆì–´ìš” ì‚¬ìž¥ë‹˜ ì¹œì ˆí•˜ì…”ì„œ ì¢‹ì•˜ì–´ìš”,https://place.map.kakao.com/26235884,1
4,í”¼ì˜¤ë‹ˆí™ëŒ€ì ,3.8,ìŠ¤ë²…ì ê²€,5.0,ë”¸ê¸°ì¼€ì´í¬ëž‘ ì»¤í”¼ê°€ ë¬´ë‚œí•¨ í•œì‹œê°„ ë¨¹ê³  ë‚˜ì˜¤ê¸° ì¢‹ìŒ,https://place.map.kakao.com/26235884,1
5,í”¼ì˜¤ë‹ˆí™ëŒ€ì ,3.8,ì±°,4.0,,https://place.map.kakao.com/26235884,1
6,í”¼ì˜¤ë‹ˆí™ëŒ€ì ,3.8,ê¹,4.0,ë¬´ë‚œí•œ ì¼€ì´í¬ë§›. ê°œí•µì¡´ë§›ê¹Œì§„ ì•„ë‹˜,https://place.map.kakao.com/26235884,1
7,í”¼ì˜¤ë‹ˆí™ëŒ€ì ,3.8,ë¦¬ë·°í•˜ëŠ”ì‚¬ëžŒ,5.0,ë„ˆë¬´ ë§›ìžˆê³  ì œê°€ ê°œì¸ì ìœ¼ë¡œ ë‹¨ ë””ì €íŠ¸ë¥¼ ì‹«ì–´í•˜ëŠ”ë° ì´ˆì½” ì¼€ì´í¬ì¸ë°ë„ ì•ˆ ë‹¬ê³  ë§›ìžˆì—ˆì–´ìš”! ã… ã… ë¬´ì—‡ë³´ë‹¤.. ì»¤í”¼ë¨¹ë‹¤ê°€ ë‹¤ í˜ë ¸ëŠ”ë° ã… ã…  ì™€ì„œ ì§ì ‘ ë‹¦ì•„ì£¼ì‹œê³ ã… ã…  ìƒˆë¡­ê²Œ ë¦¬í•„í•´ì£¼ì‹¬! ê°ì‚¬í•´ìš” ã… ã…¡ã… ,https://place.map.kakao.com/26235884,1
8,í”¼ì˜¤ë‹ˆí™ëŒ€ì ,3.8,qqq,4.0,í™ëŒ€ ì¼€ì´í¬ í•˜ë©´ í”¼ì˜¤ë‹ˆ! ìš”ì¦˜ ë„ˆë¬´ ë§›ë‚œ ì¼€ì´í¬ì§‘ ë§Žì•„ì„œ ìƒí–¥í‰ì¤€í™” ë˜ì—ˆë„¤ìš©.. ë¬´ë‚œë¬´ë‚œ ê°ˆ ë§Œí•œ ê³³ìž…ë‹ˆë‹¤!,https://place.map.kakao.com/26235884,1
9,í”¼ì˜¤ë‹ˆí™ëŒ€ì ,3.8,ë¿¡,4.0,ë§›ìžˆì–´ìš¤ ê°œì¸ì ìœ¼ë¡œëŠ” ì¼ë°˜ ìƒì¼ì´ˆ ë°–ì— ì—†ì–´ì„œ ì•„ì‰¬ì› ìŒ ì´ìœì´ˆë„ ê°™ì´ íŒ”ì•˜ìœ¼ë©´ ì¢‹ì•˜ì„ê±°ê°™ìŒ,https://place.map.kakao.com/26235884,1
10,í”¼ì˜¤ë‹ˆí™ëŒ€ì ,3.8,ë”°ë´‰ë„ì¹˜ì•¼ê³ ë§ˆì›Œ,5.0,ì•„ ì¼€ì´í¬ ë§›ì§‘ì¸ë° ë‚˜ë§Œì•Œê³ ì‹¶ë‹¤ ì§„ì§œ...,https://place.map.kakao.com/26235884,1
11,í”¼ì˜¤ë‹ˆí™ëŒ€ì ,3.8,ã…Žã…‡,5.0,ë³€í•¨ì—†ì´ ë§›ìžˆëŠ”ë°ìš”ì¦˜ì—” ì´ì •ë„ë¡œ ë§Œë“œëŠ” ê°€ê²Œ ë§Žì´ ìƒê¸´ë“¯ê·¸ëž˜ë„ ì¢…ì¢… ë“¤ë¦¬ëŠ” í”¼ì˜¤ë‹ˆ,https://place.map.kakao.com/26235884,1
12,í”¼ì˜¤ë‹ˆí™ëŒ€ì ,3.8,ì°¨ë¯¼í˜¸,4.0,ì¤‘ìš”í•œ ë‚ ë§ˆë‹¤ ë”¸ê¸° ìƒí¬ë¦¼ í™€ì¼€ì´í¬ í¬ìž¥í•´ê°€ëŠ”ë° ë§›ìžˆì–´ìš© :),https://place.map.kakao.com/26235884,1
13,í”¼ì˜¤ë‹ˆí™ëŒ€ì ,3.8,k,3.0,ê¸°ëŒ€ë¥¼ ë§Žì´ í•´ì„œ ê·¸ëŸ°ì§€ ê·¼ì²˜ì— ë§›ìžˆëŠ”ê³³ì´ ë§Žì•„ì„œ ê·¸ëŸ°ì§€ ì¼€ì´í¬ëŠ” ì§ì ‘ ë§Œë“  ë§›ë³´ë‹¤ëŠ” ì œí’ˆëŠë‚Œ ë‚˜ê³  ìƒê°ë³´ë‹¤ ì—„ì²­ ìž‘ì•„ì„œ ã…‹ã…‹ ê·¸ë‹¥ì´ì˜€ì–´ìš”ë‹¤ë¥¸ë¶„ë“¤ ì‚¬ì§„ ë³´ë‹ˆ ì œê°€ ë¨¹ì€ ì¼€ì´í¬ëŠ” ì¢€ ì˜¤ëž˜ ë³´ê´€í•´ë†¨ê±°ë‚˜ ëƒ‰ë™ë”¸ê¸°ë‚˜ ìž‘ì€ ë”¸ê¸°ì¡°ê°ë§Œ ì¨ì„œ ë³„ë¡œì˜€ë˜ê²ƒ ê°™ê¸°ë„ í•˜ë„¤ìš” ì•”íŠ¼ ê¸°ëŒ€ ì´í•˜ìŒë£ŒëŠ” ìƒ· ì“°ëŠ” ë§¤ìž¥ì´ ì•„ë‹ˆë¼ ê·¸ëŸ°ì§€ ìŠ´ìŠ´í•œ ë§› ì¢‹ì•„í•˜ëŠ” ì œ ê¸°ì¤€ìœ¼ë¡  í‰íƒ€ì¹˜ëŠ” ì •ë„ì˜€ì–´ìš”. í…Œì´ë¸” ê°„ê²©ì€ ì¢ê³  ì£¼ë¬¸ë°›ëŠ” ì§ì›ì´ ì¡°ê¸ˆ ë¶ˆì¹œì ˆí•´ìš”ì¦ê²¨ì°¾ê¸° í•´ë†¨ë˜ê±° ì·¨ì†Œí•¨ ìž¬ë°©ë¬¸ì€ ì•ˆí• ë“¯~!,https://place.map.kakao.com/26235884,0
14,í”¼ì˜¤ë‹ˆí™ëŒ€ì ,3.8,ë§¨ë“€,2.0,ì¼€ì´í¬ëŠ” ë¨¹ì„ ë§Œí•˜ë‚˜ ì»¤í”¼ë‚˜ ìŒë£Œ ì¢…ë¥˜ ì°½ë ¬,https://place.map.kakao.com/26235884,0
15,í”¼ì˜¤ë‹ˆí™ëŒ€ì ,3.8,ì–,3.0,ìœ ëª…í•˜ë‹¤ëŠ” ë”¸ê¸°ì¼€ìµ ë¨¹ì—ˆëŠ”ë° ìš”ì¦˜ ì›Œë‚™ ë§›ìžˆëŠ” ë””ì €íŠ¸ ì¹´íŽ˜ê°€ ë§Žì•„ì„œ ê·¸ëŸ°ì§€ ë‹¤ë¥¸ ê³³ì— ë¹„í•´ íŠ¹ë³„í•˜ë‹¤ëŠ” ëŠë‚Œì€ ì—†ë„¤ìš”ã… ,https://place.map.kakao.com/26235884,0
16,í”¼ì˜¤ë‹ˆí™ëŒ€ì ,3.8,bellissa,4.0,ì—¬ê¸°ëŠ” ì¼€ìµ ë§›ì§‘ ìžë¦¬ê°€ ì«Œ ë¶ˆíŽ¸í•˜ê¸´í•´ìš”,https://place.map.kakao.com/26235884,1
17,í”¼ì˜¤ë‹ˆí™ëŒ€ì ,3.8,ì¿ ë¡œë¯¸ ë…¸íŠ¸,4.0,,https://place.map.kakao.com/26235884,1
18,í”¼ì˜¤ë‹ˆí™ëŒ€ì ,3.8,ë²„í„°ë„›,4.0,ì¼€ìµ ë§›ìžˆì–´ìš”,https://place.map.kakao.com/26235884,1
19,í”¼ì˜¤ë‹ˆí™ëŒ€ì ,3.8,ë¡œëž‘,4.0,ë§›ìžˆì§€ë§Œ.. ì¼€ìµì´ ì ì  ìž‘ì•„ì ¸ìš”ã… ã… ã… ã… ,https://place.map.kakao.com/26235884,1
20,í”¼ì˜¤ë‹ˆí™ëŒ€ì ,3.8,ìœ ì •ìˆ˜,3.0,,https://place.map.kakao.com/26235884,0
21,í”¼ì˜¤ë‹ˆí™ëŒ€ì ,3.8,ê¹€ëª¨ìš”,1.0,ì¼€ì´í¬ ê°œë§›ì—†ì–´ì§,https://place.map.kakao.com/26235884,0
22,í”¼ì˜¤ë‹ˆí™ëŒ€ì ,3.8,íŒŸë“œëžìŠˆ,3.0,ì–´ì©Œë‹¤ í™ëŒ€ ê´€ê´‘ëª…ì†Œê°€ ëëŠ”ë° ì›¨ì´íŒ…í•´ì„œ ê³ ìƒí•˜ì§€ë§ê³  í…Œì´í¬ì•„ì›ƒ í•´ì„œ ë“œì„¸ì˜¤ ë”¸ê¸°ë¹™ìˆ˜ëŠ” ë‹¬ê³  ë‹¬ì•„ì„œ ê·¸ë‹¥.. ê·¸ëƒ¥ í•œë²ˆ ë¨¹ì–´ë´¤ë‹¤ì— ì˜ì˜ë¥¼ ë‘ . ì¼€ìµì´ ê°„íŒì¸ ë§Œí¼ ì¼€ìµì´ ê·¸ë‚˜ë§ˆ ê´œì°®ìŒ,https://place.map.kakao.com/26235884,0
23,í”¼ì˜¤ë‹ˆí™ëŒ€ì ,3.8,cheez,1.0,"í•˜ë„ ìœ ëª…í•´ì„œ ë”¸ê¸°ì¼€ì´í¬ ë¨¹ì—ˆëŠ”ë° í¬ë¦¼ì´ ë„ˆë¬´ ë³„ë¡œì˜€ë‹¤.. í•œìž… ë¨¹ìœ¼ë©´ ìž…ì•ˆì´ ë¯¸ëŒê±°ë¦¬ëŠ” í¬ë¦¼ì´ë¼ ëŠë¼í•˜ê³ , ë”¸ê¸°ë„ ê·¸ë ‡ê²Œ ë§›ìžˆëŠ”ì§€ ìž˜ ëª¨ë¥´ê² ê³  ì‹œíŠ¸ë„ ê·¸ë‹¥.. ìš”ì¦˜ ë”¸ê¸° ì¼€ì´í¬ ë” ìž˜í•˜ëŠ” ê³³ì´ ë§Žì•„ì„œ ìž¬ë°©ë¬¸ì€ í•˜ì§€ ì•Šì„ ë“¯ê·¸ë¦¬ê³  ì „í™”ë°›ì€ ì ì›ë¶„ ë„ˆë¬´ ë¶ˆì¹œì ˆí•¨",https://place.map.kakao.com/26235884,0
24,í”¼ì˜¤ë‹ˆí™ëŒ€ì ,3.8,ë¨¹ì„ë³µí„°ì¡Œì–´ìš©,3.0,"ë¹™ìˆ˜ ê·¸ëƒ¥ ê·¸ëŸ° ,,, ì¼€ì´í¬ëŠ” ë§›ë‚˜ìš©",https://place.map.kakao.com/26235884,0
25,í”¼ì˜¤ë‹ˆí™ëŒ€ì ,3.8,.,3.0,ì´ ì„¸ë²ˆ ë°©ë¬¸ ì²˜ìŒ ë¨¹ì—ˆì„ë•Œ ì •ë§ ë§›ìžˆì—ˆê³  ë‘ë²ˆì§¸ëŠ” ì²˜ìŒë³´ë‹¨ ëœ í–ˆê³  ì„¸ë²ˆì§¸ëŠ” í¬ë¦¼ë§›ì´ í™• ë‹¬ëžìŒ ì²˜ìŒê³¼ ì„¸ë²ˆì§¸ í¬ë¦¼ë§›ì´ ê°™ì€ì§‘ì´ ë§žë‚˜ì‹¶ê²Œ ë‹¬ë¼ì„œ ìž¬ë°©ë¬¸í• ì§€ ëª¨ë¥´ê² ìŒ ë©€ë¦¬ì‚´ì•„ì„œ ì–´ì©Œë‹¤ í•œë²ˆì‹ ë“¤ë¦¬ëŠ”ë° í¬ë¦¼ë§›ì´ ë˜ ë‹¤ë¥´ë©´ ì„¸ë“œ...,https://place.map.kakao.com/26235884,0
26,í”¼ì˜¤ë‹ˆí™ëŒ€ì ,3.8,Sergei x 2,5.0,ë”¸ê¸°ìƒí¬ë¦¼ì¼€ì´í¬ ê·¼ë³¸,https://place.map.kakao.com/26235884,1
27,í”¼ì˜¤ë‹ˆí™ëŒ€ì ,3.8,ê¹€ê·œì„,5.0,ìš°ìœ ë§› ìƒí¬ë¦¼? ì¢‹ì•„í•˜ì‹œë©´ ì¶”ì²œí•´ìš©,https://place.map.kakao.com/26235884,1
28,í”¼ì˜¤ë‹ˆí™ëŒ€ì ,3.8,NEVER,5.0,ì¸ìƒ ë”¸ê¸°ì¼€ì´í¬ ðŸ“  ë§›ìžˆì–´ìš”,https://place.map.kakao.com/26235884,1
29,í”¼ì˜¤ë‹ˆí™ëŒ€ì ,3.8,ìœ ì§„,1.0,ë”¸ê¸°ë¹™ìˆ˜ ë¨¹ì—ˆëŠ”ë° ë§›ì€ ìžˆì—ˆì–´ìš”. ê·¼ë° ë”¸ê¸° í† í•‘ì´ ì ì–´ì„œ ê°€ê²© ëŒ€ë¹„ ë¹„ì‹¸ë‹¤ê³  ìƒê°í•©ë‹ˆë‹¤. ê·¼ë° ì§ì ‘ ë°©ë¬¸í•´ì„œì•¼ ë§¤ìž¥ì„ 1ì‹œê°„ë§Œ ì´ìš©í•  ìˆ˜ ìžˆëŠ” ê±¸ ì•Œê²Œ ë˜ì—ˆì–´ìš”;; ë‚¨ìžì‚¬ìž¥ë‹˜ì€ ì €í¬ê°€ 1ì‹œê°„ ì¡°ê¸ˆ ë„˜ê²¨ì„œ ë‚˜ê°”ë‹¤ê³ (ê·¸ê²ƒë„ 3ë¶„ë°–ì— ì•ˆ ì§€ë‚¬ëŠ”ë°ã…‹ã…‹) ì†ë‹˜ì´ ë¨¼ì € ì¸ì‚¬í–ˆëŠ”ë° ë°›ì•„ì£¼ì§€ë„ ì•Šë„¤ìš”. ì €í¬ ë‚˜ê°€ìžë§ˆìž ì§œì¦ë‚˜ëŠ” í‘œì •ìœ¼ë¡œ ì§ì›í•œí…Œ ë¹¨ë¦¬ ì¹˜ìš°ë¼ê³  ì†ê°€ë½ì§ˆ í•˜ëŠ” ê±° ë³´ê³  ì–´ì´ê°€ ì—†ì—ˆìŒ ìž¥ì‚¬ ê·¸ë ‡ê²Œ í•˜ì§€ ë§ˆì„¸ìš”...  ë‹¤ì‹œëŠ” ë°©ë¬¸í•  ì¼ ì—†ìŒ,https://place.map.kakao.com/26235884,0
30,í”¼ì˜¤ë‹ˆí™ëŒ€ì ,3.8,í›„í›„,1.0,ë¹™ìˆ˜ì— ìš°ìœ ë§Œ ìž”ëœ© í† í•‘ ì—†ê³  ë”¸ê¸°ì–‘ë„ ê°€ê²©ëŒ€ë¹„ ë§Žì´ ë¶€ì¡±í•˜ë„¤ìš” ê°€ê²©ì´ ì €ë ´í•œ ê²ƒë„ ì•„ë‹Œë° ì›¨ì´íŒ…ì´ ì—†ì–´ë„ ë¬´ì¡°ê±´ 1ì‹œê°„ ì•ˆì— ë‚˜ê°€ë¼ê³  ìž¬ì´‰í•˜ëŠ” ì‹œìŠ¤í…œì„ ì™œ ê³ ìˆ˜í•˜ì‹œëŠ”ê±´ì§€ ëª¨ë¥´ê² ìŠµë‹ˆë‹¤ë‚˜ê°ˆ ë•Œ ì†ë‹˜ì´ ë¨¼ì € ì¸ì‚¬í•´ë„ ë‹¤ ë¬´ì‹œí•˜ê³  ëª¨ë¥´ëŠ” ì²™ í•˜ì‹œëŠ” ê±° ë³´ê³  ë‹¤ì‹œëŠ” ì•ˆ ê°€ì•¼ê² ë‹¤ê³  ëŠê¼ˆìŠµë‹ˆë‹¤..,https://place.map.kakao.com/26235884,0
31,í”¼ì˜¤ë‹ˆí™ëŒ€ì ,3.8,í–„ìŠ¤í„°,5.0,êµ¿ í–„,https://place.map.kakao.com/26235884,1
32,í”¼ì˜¤ë‹ˆí™ëŒ€ì ,3.8,ê°ìž,5.0,ë¹™ìˆ˜ëž‘ ì¼€ì´í¬ ë³„ë¡œ ì•ˆ ì¢‹ì•„í•˜ëŠ”ë° ì—¬ê¸° ë¹™ìˆ˜ëž‘ ì¼€ì´í¬ ë¨¹ì–´ë³´ê³  ë§›ìžˆë‹¤ê³  ì²¨ ìƒê°í•¨ë¹™ìˆ˜ì–¼ìŒì´ëž‘ ìƒí¬ë¦¼ì´ ë§›ìžˆë‹¤ê³  ëŠë‚€ê±´ ì²¨ì´ì—ìš” ê°”ì„ ë•Œ ë”± ì›¨ì´íŒ… ì—†ì–´ì„œ ë°”ë¡œ ë“¤ì–´ê°€ì„œ ë§›ìžˆê²Œ ë¨¹ì—ˆì–´ìš” í™ëŒ€ ê°ˆ ë•Œ ìžì£¼ ê°ˆ ê±° ê°™ì•„ìš”!!,https://place.map.kakao.com/26235884,1
33,í”¼ì˜¤ë‹ˆí™ëŒ€ì ,3.8,ìŠ¹í¬,5.0,,https://place.map.kakao.com/26235884,1
34,í”¼ì˜¤ë‹ˆí™ëŒ€ì ,3.8,ì†¡í¬ì˜,2.0,ë¨¸ë¦¬ í’€ì–´í—¤ì¹œ ì§ì›ì´ ë§¨ì†ìœ¼ë¡œ ì¼€ìµêº¼ë‚´ì„œ í¬ìž¥í•´ì¤Œ ìœ„ìƒì´ ì˜ì‹¬ëœë‹¤,https://place.map.kakao.com/26235884,0
35,í”¼ì˜¤ë‹ˆí™ëŒ€ì ,3.8,ì´ì€ì´,5.0,ë”¸ê¸°ì¼€ì´í¬,https://place.map.kakao.com/26235884,1
36,í”¼ì˜¤ë‹ˆí™ëŒ€ì ,3.8,ë§›ìžˆê±°ë‚˜ ë§›ì—†ê±°ë‚˜ ë³´í†µì´ê±°ë‚˜,3.0,ì™œ ë¨¹ì„ë•Œë§ˆë‹¤ í¬ë¦¼ ë§›ì´ ë‹¬ë¼ì§€ë‚˜ìš”ã… ã… ,https://place.map.kakao.com/26235884,0
37,í”¼ì˜¤ë‹ˆí™ëŒ€ì ,3.8,ì–´ì´ë¬´~,3.0,í”¼ì˜¤ë‹ˆ ì¼€ì´í¬ ë§›ë³´ê³  ë°˜í•´ì„œ ì˜ˆì „ë¶€í„° ìžì£¼ì´ìš©í•˜ë‹¤ íƒ€ì§€ì—­ìœ¼ë¡œ ì´ì‚¬ê°€ë©´ì„œ ì˜¬ë§Œì— ì§€ì¸ë“¤ì—ê²Œ ì¶”ì²œì„í•˜ë©° ë¨¹ì–´ë³´ë¼ê³  í•´ì„œ ìµœê·¼ì— í°ë§˜ë¨¹ê³  ì„ ë¬¼ìš©ìœ¼ë¡œ ëŒ€ëŸ‰êµ¬ë§¤í•˜êµ¬ ì™”ëŠ”ë° ì˜ˆì „ë¶€í„° ì•„ì‰¬ì›€ì´ ë”±í•˜ë‚˜ìž‡ì–´ìš”ì¼€ìµì§€ì§€ëŒ€ë¼ê³ í•´ì•¼ë˜ë‚˜ ê·¸ê²Œì—†ì–´ì„œ ì¼ë¶€ëŸ¬ê·¸ëŸ¬ëŠ”ê²Œ ì•„ë‹ˆì§€ë§Œ ì¼€ìµì´ í”ë“¤ì–´ìž¬ê»´ì§€ê±°ë‚˜ ê·¸ëŸ¬ë©´ ì ë ¤ì„œ ëª¨ì–‘ì´ ë§ê°€ì§€ë„¤ìš”ã…œã…œì¢€ ì´ì˜ê²Œ ì„ ë¬¼í•´ì£¼ê³ ì‹¶ì€ë° í™”ë‚˜ìš” ë‹¤ë¬»ì–´ìžˆê³  ê·¸ê²ƒì¢€ê°œì„ ë«ìŒì¢‹ê² ë„¤ìš”,https://place.map.kakao.com/26235884,0
38,í”¼ì˜¤ë‹ˆí™ëŒ€ì ,3.8,íƒí•˜ë‹¤,5.0,,https://place.map.kakao.com/26235884,1
39,í”¼ì˜¤ë‹ˆí™ëŒ€ì ,3.8,0%,5.0,í™ëŒ€ ë”¸ê¸°ì¼€ìµ ëª…ë¶ˆí—ˆì „ ë§žìŠµë‹ˆë‹¤ ë§›ìžˆì–´ìš”,https://place.map.kakao.com/26235884,1
40,í”¼ì˜¤ë‹ˆí™ëŒ€ì ,3.8,ëƒ¥ì•„ì¹˜,5.0,ì¶”íŒŒì¶”ìŠ¤ ì°í•‘í¬ ë”¸ê¸°ë§› ê·¹í˜í•˜ëŠ” 1ì¸ê·¸ëž˜ì„œ ì¹´íŽ˜ì—ì„œ ë”¸ê¸°ì£¼ìŠ¤ ì•ˆì‚¬ë¨¹ìŒëŒ€ë¶€ë¶„ì˜ ì¹´íŽ˜ì—ì„œ ìƒê³¼ì¼ ì£¼ìŠ¤ë¼ê³  í•´ë„ ë‹¤ ë”¸ê¸°ì‹œëŸ½ ë§Žì´ ë„£ì–´ì„œ ê·¸ ì¶”íŒŒì¶”ìŠ¤ ë§›ë‚˜ì„œ ëª»ë¨¹ê² ìŒê·¼ë° ë”¸ê¸°ëŠ” ì •ë§ ì¢‹ì•„í•¨ì‹œëŸ½ë§› ì•ˆë‚˜ê³  ì§„ì§œ ë”¸ê¸°ë§› ì£¼ìŠ¤ë¥¼ ì°¾ê³ ìžˆì—ˆëŠ”ë°ê·¸ê²Œ ë°”ë¡œ ì—¬ê¸°ì—ìš”.. ì—¬ê¸° ë”¸ê¸°ì£¼ìŠ¤ ì§„ì§œ ëŒ€ì¡´ë§› !! ë‚˜ë„ ë”¸ê¸°ì£¼ìŠ¤ ì‚¬ë¨¹ì„ ì¹´íŽ˜ê°€ ìƒê²¼ë‹¤>_<,https://place.map.kakao.com/26235884,1
41,í”¼ì˜¤ë‹ˆí™ëŒ€ì ,3.8,ì‹ì‹ìš°ì‹,5.0,ë”¸ê¸°ì¼€ìµ ë§›ìžˆì–´ìš”ã… ã…  ë§›ë„ì¢‹ê³  ë³´ê¸°ë„ ì¢‹ê³  ã…Žã…Žã…Ž,https://place.map.kakao.com/26235884,1
42,í”¼ì˜¤ë‹ˆí™ëŒ€ì ,3.8,ë¦°ìœ ë¼,5.0,ë”¸ê¸°ì™€ ìƒí¬ë¦¼ì¡°í•© ë„ˆë¬´ ì¢‹ì•„ë¼í•˜ëŠ”ë° ì´ì˜ê³  ë§›ìž‡ì–´ìš”ã…Ž,https://place.map.kakao.com/26235884,1
43,í”¼ì˜¤ë‹ˆí™ëŒ€ì ,3.8,ì¬,5.0,ì¼€ìµ ë„˜ ì´ì˜ê³  ë§›ìž‡ì–´ìš” ê°€ê²©ë„ ì¢‹ê³  ë””ì €íŠ¸ ìž˜ë¨¹ê³ ê°€ìš”,https://place.map.kakao.com/26235884,1
44,í”¼ì˜¤ë‹ˆí™ëŒ€ì ,3.8,ê¼¼ê¼¼ì´,4.0,ì—¬ê¸°ëŠ” ì¼€ìµì´ ì§„ì§œ ë§›ìžˆì–´ìš”,https://place.map.kakao.com/26235884,1
45,í”¼ì˜¤ë‹ˆí™ëŒ€ì ,3.8,ë¹¡ì„¸,5.0,ë”¸ê¸°ì¼€ìµ ì§„ì§œ ë§›ìžˆë„¤ìš”:),https://place.map.kakao.com/26235884,1
46,í”¼ì˜¤ë‹ˆí™ëŒ€ì ,3.8,í•˜ì–€ë¡œë¹ˆ,5.0,ë”¸ê¸°ì¼€ìµ ì¡´ë§›íƒ± ã… ã…œ â™¡â™¡â™¡,https://place.map.kakao.com/26235884,1
47,í”¼ì˜¤ë‹ˆí™ëŒ€ì ,3.8,ì´ì¼€ì•„,1.0,"ê³µê°„ì— ë¹„í•´ ì•Œë°”ìƒì´ ë§Žì€ë° ì¹œì ˆí•œ ì‚¬ëžŒì´ ì–´ì©œ í•œ ëª…ë„ ì—†ë„¤ìš”. í¬ìž¥ì£¼ë¬¸ë„ í•œì°¸ ê±¸ë¦¬ê³  ì–¸ì œ ë‚˜ì˜¤ëƒ, ì–´ë””ì„œ ë°›ì•„ì•¼ë˜ëƒ ë¬¼ìœ¼ë‹ˆ ìžë¦¬ì—ì„œ ê¸°ë‹¤ë¦¬ë¼ëŠ” ì‹ìœ¼ë¡œ ì§œì¦ìŠ¤ëŸ½ê²Œ ë§ì”€í•˜ì‹œê³  ë¶ˆì¹œì ˆí•´ì„œ ë‹¹í™©ìŠ¤ëŸ½ê³  ë¯¼ë§í–ˆìŒ. ë§›ì€ ìžˆìœ¼ë‚˜ ë‹¤ì‹  ì•ˆ ê°€ë ¤ í•´ìš”",https://place.map.kakao.com/26235884,0
48,í”¼ì˜¤ë‹ˆí™ëŒ€ì ,3.8,@s2nyummy_,3.0,,https://place.map.kakao.com/26235884,0
49,í”¼ì˜¤ë‹ˆí™ëŒ€ì ,3.8,ë¯¸ë°,1.0,"ì¶”ì–µ ì†Œí™˜í•˜ë ¤ê³  ì˜¤ëžœë§Œì— ë°©ë¬¸í–ˆëŠ”ë°ë‹¤ë“¤ ì™œì´ë ‡ê²Œ ë¶ˆì¹œì ˆí• ê¹Œìš”...? ã…œ,ã… ",https://place.map.kakao.com/26235884,0
50,í”¼ì˜¤ë‹ˆí™ëŒ€ì ,3.8,pjm,4.0,ë§›ì§‘ ì¸ì •!!,https://place.map.kakao.com/26235884,1
51,í”¼ì˜¤ë‹ˆí™ëŒ€ì ,3.8,ì§€ìˆ˜,5.0,ì´ì‚¬ ê°”ì–´ë„ ëŠ˜ ë§›ìžˆëŠ” í”¼ì˜¤ë‹ˆ,https://place.map.kakao.com/26235884,1
52,í”¼ì˜¤ë‹ˆí™ëŒ€ì ,3.8,.,3.0,ë‹¨ì ì€ ì‚¬ëžŒì´ ë„ˆë¬´ ë§Žì•˜ë‹¤ëŠ” ê±°ê·¸ë¦¬ê³  ê·¸ë§Œí¼ ì‚¬ëžŒì´ ë§Žì„ ë§Œí•œ ê³³ì¸ì§€ëŠ” ìž˜ ëª¨ë¥´ê² ë‹¤ëŠ” ê±°ë¹™ìˆ˜ëŠ” ë§›ìžˆê¸´í•œë° ì„¤*ë¹™ ê²¨ìš¸ì‹œì¦Œ ë¹™ìˆ˜ ë¨¹ëŠ” ê±°ëž‘ ë­ê°€ ë‹¤ë¥¸ì§€ ìž˜ ëª¨ë¥´ê² ê³ ìš” ë¶„ìœ„ê¸°ë„ ì‚¬ëžŒ ë§Žì€ ì‹œê°„ëŒ€ì— ê°€ë©´ ë³„ë¡œì˜ˆìš”ê·¸ëž˜ë„ ìž˜ ë¨¹ì—ˆìŠµë‹ˆë‹¤ ì§ì›ë¶„ë“¤ì´ ì†ì´ ë¹ ë¥´ì„¸ìš”,https://place.map.kakao.com/26235884,0
53,í”¼ì˜¤ë‹ˆí™ëŒ€ì ,3.8,ê°•ì§¹ì§¹,3.0,ë§› ê´œì°®ì•„ìš”. ì§€ë‚˜ê°€ë‹¤ ì‚¬ ë¨¹ì„ì •ë„. ì°¾ì•„ê°€ì§„ ì•Šì„ì •ë„.,https://place.map.kakao.com/26235884,0
54,í”¼ì˜¤ë‹ˆí™ëŒ€ì ,3.8,nanacon31,3.0,ë§‰ ì¤„ì„œì„œ ë¨¹ì„ë§Œí¼ì€ ì†”ì§ížˆ ëª¨ë¥´ê²Ÿë„¤ìš”ã…Žã…Ž ê·¸ëž˜ë„ ë§›ìžˆì–´ìš”,https://place.map.kakao.com/26235884,0
55,í”¼ì˜¤ë‹ˆí™ëŒ€ì ,3.8,ì´ì†Œì—°,5.0,,https://place.map.kakao.com/26235884,1
56,í”¼ì˜¤ë‹ˆí™ëŒ€ì ,3.8,ì˜¤í¬,4.0,ì»¤í”¼ê°€ ë§›ìžˆì–´ìš”~,https://place.map.kakao.com/26235884,1
57,í”¼ì˜¤ë‹ˆí™ëŒ€ì ,3.8,ã…Žã…Ž,4.0,,https://place.map.kakao.com/26235884,1
58,í”¼ì˜¤ë‹ˆí™ëŒ€ì ,3.8,í•‘ìŠëž­ê°€ì´ë“œ,4.0,,https://place.map.kakao.com/26235884,1
59,í”¼ì˜¤ë‹ˆí™ëŒ€ì ,3.8,ì•¼í˜¸,3.0,"ì˜ˆì „ì—” ë”¸ê¸°ì¼€ì´í¬ëŠ” í”¼ì˜¤ë‹ˆê°€ ìµœê³ ë¼ ìƒê°í–ˆëŠ”ë°, ì˜¤ëžœë§Œì— ë¨¹ìœ¼ë‹ˆ.. ì˜ˆì „ ê·¸ ë§›ì´ ì•ˆë‚¬ì–´ìš” ã… ã…  ìš”ì¦˜ì—” ì¼€ì´í¬ ë§›ìžˆëŠ” ê³³ì´ ì›Œë‚™ ë§Žì•„ì„œ.. ë‹¤ë¥¸ ê³³ì´ í›¨ì”¬ ë§›ìžˆëŠ” ê²ƒ ê°™ì•„ìš”",https://place.map.kakao.com/26235884,0
60,í”¼ì˜¤ë‹ˆí™ëŒ€ì ,3.8,ì¶˜ì‹ì´ì„œìš¸íˆ¬ì–´,4.0,"ìƒí¬ë¦¼ì´ ì¢€ë” ë“¬ë¿ ì˜¬ë¼ê°€ê³ , ì‹œíŠ¸ê°€ ë” ë¶€ë“œëŸ¬ìš°ë©´ ë” ë§›ìžˆì„ê±°ê°™ë‹¤ìš°ìœ í–¥ì´ ë‚˜ê³  ë¶€ë“œëŸ¬ìš´ ìƒí¬ë¦¼ì‹ ì„ í•˜ê³  ìƒˆì½¤ë‹¬ì½¤í•œ ë”¸ê¸° ë“œë¦½ì»¤í”¼ë„ ê½¤ ê´œì°®ì€ íŽ¸ì–‘ì— ë¹„í•´ ë¹„ì‹¸ì§€ë§Œ ë§Œì¡±ìŠ¤ëŸ¬ìš´ ë”¸ê¸°ì¼€ì´í¬ì˜€ë‹¤",https://place.map.kakao.com/26235884,1
61,í”¼ì˜¤ë‹ˆí™ëŒ€ì ,3.8,ssk,4.0,êµ¿êµ¿!,https://place.map.kakao.com/26235884,1
62,í”¼ì˜¤ë‹ˆí™ëŒ€ì ,3.8,Railey,4.0,ë§›ìžˆì–´ìš”,https://place.map.kakao.com/26235884,1
63,í”¼ì˜¤ë‹ˆí™ëŒ€ì ,3.8,ë£¸ë¶,5.0,ë§›ìžˆì–´ìš”,https://place.map.kakao.com/26235884,1
64,í”¼ì˜¤ë‹ˆí™ëŒ€ì ,3.8,ã„·ã„·ã„·ã…ˆ,1.0,ì§„ì§œ ìœ ëª…í•´ì„œ í•œë²ˆ ë¨¹ì–´ë´„ìƒë”¸ê¸°ê°€ ì•„ë‹ˆê³  ì ˆìž„ë”¸ê¸°í•œì¡°ê° 6300ì›ì‹œíŠ¸ë„ í¼ì„í•˜ê³  í¬ë¦¼ì€ ê·¸ëƒ¥ê·¸ëŸ¼ì´ê²Œ ë§›ìžˆë‹¤ëŠ” ë¶„ë“¤ì€ ìƒë”¸ê¸°ë¥¼ ì•ˆë“œì…”ë³´ì…¨ê±°ë‚˜ ìƒë”¸ê¸°ë¥¼ ë„ˆë¬´ ë§Žì´ ë¨¹ì–´ì„œ ì§ˆë ¤ì„œ ë§›ìžˆìœ¼ì‹ ë“¯.................ë‚´ ëˆ... ë‚´ ì‹œê°„.....,https://place.map.kakao.com/26235884,0
65,í”¼ì˜¤ë‹ˆí™ëŒ€ì ,3.8,ê·¸ë£¨ë¯¸,4.0,soso,https://place.map.kakao.com/26235884,1
66,í”¼ì˜¤ë‹ˆí™ëŒ€ì ,3.8,Gabrielle ì—˜ë¦¬,5.0,,https://place.map.kakao.com/26235884,1
67,í”¼ì˜¤ë‹ˆí™ëŒ€ì ,3.8,ì‚¬ì‹¤ì´ì•¼ê¸°,3.0,ê°€ê²©ì°½ë ¬,https://place.map.kakao.com/26235884,0
68,í”¼ì˜¤ë‹ˆí™ëŒ€ì ,3.8,ë€¨ë ›,3.0,ë„ˆë¬´ ê¸°ëŒ€í–ˆë‚˜ì‹¶ì€... ê·¸ëƒ¥ ê·¸ëŸ¼,https://place.map.kakao.com/26235884,0
69,í”¼ì˜¤ë‹ˆí™ëŒ€ì ,3.8,ì˜¹ë²½,4.0,ëŒ€ì²´ì ìœ¼ë¡œ ë§›ìžˆëŠ”ë°ì™€ ì—„~ ì²­ ë§›ìžˆë‹¤ëŠ” ì•„ë‹Œ ..,https://place.map.kakao.com/26235884,1
70,í”¼ì˜¤ë‹ˆí™ëŒ€ì ,3.8,jjjj,1.0,"ìŒë£Œ ìž” í¬ê¸° ë³´ê³  ëˆˆì„ ì˜ì‹¬í–ˆì–´ìš”,,^^ ì†ë³´ë‹¤ ìž‘ì€ ìž”ì— ì–¼ìŒ ê°€ë“ ë“¤ì–´ìžˆëŠ”ë° ìŒë£Œ ì§„ì§œ 100ë¯¸ë¦¬ëŠ” ë“¤ì–´ê°€ë‚˜ìš”,,? ì¹œêµ¬ë“¤ì´ëž‘ ê°”ëŠ”ë° ë‹¤ ëˆˆì„ ì˜ì‹¬í–ˆìŠ´ë‹¤.. ê·¸ë¦¬ê³  ë‚¨ìž ì§ì›ë¶„ ì €í•œí…Œ í™”ë‚˜ì‹ ì¤„ ì•Œì•˜ì–´ì—¬ ë¶ˆì¹œì ˆí•˜ì‹¬",https://place.map.kakao.com/26235884,0
71,í”¼ì˜¤ë‹ˆí™ëŒ€ì ,3.8,ë©..,5.0,ì—¬ê¸° ë”¸ê¸°ë¹™ìˆ˜ê°€ ë¯¸ì³¤ì–´ìš” 9000ì›ì¸ë° ì§„ì§œ...ì € ë”¸ê¸° ì ˆìž„? í•œìŠ¤í‘¼ ë– ê°€ì§€ê³  ë¹™ìˆ˜ëž‘ í˜¸ë¡œë¡í•˜ë©´ ëìž¥ë‚˜ìš”ë‹¤ë¥¸ê±° ë§ê³  ë”¸ê¸°ë¹™ìˆ˜ ê¼­ ë“œì‹œê¸¸,https://place.map.kakao.com/26235884,1
72,í”¼ì˜¤ë‹ˆí™ëŒ€ì ,3.8,.,5.0,ìžŠì„ë§Œí•˜ë©´ ìƒê°ë‚˜ëŠ” ë”¸ê¸° ì¼€ì´í¬.í¬í•œí•˜ê²Œ ì¼ë…„ì— í•œë‘ë²ˆ ê°ˆ ë•Œë§ˆë‹¤ ê°€ê²©ì´ ê³„ì† ì˜¤ë¥´ëŠ”ê±¸ ë³´ë©° ë‚˜ì´ë“¦ì´ ì‹¤ê°ë‚œë‹¤...^^ ì•„ì‰¬ì›€ ì—†ëŠ” ë§›ë³´ìž¥ì§‘,https://place.map.kakao.com/26235884,1
73,í”¼ì˜¤ë‹ˆí™ëŒ€ì ,3.8,ê°•ë‚­ì½©,3.0,,https://place.map.kakao.com/26235884,0
74,í”¼ì˜¤ë‹ˆí™ëŒ€ì ,3.8,khmk,5.0,ë‘ì¡°ê°ë¨¹ì—ˆëŠ”ë° ì„¸ì¡°ê°ë¨¹ì„ê»„,https://place.map.kakao.com/26235884,1
75,í”¼ì˜¤ë‹ˆí™ëŒ€ì ,3.8,ìš°ë¦¬ë™ë„¤ë§›ì§‘,5.0,ë”¸ê¸°ì¼€ìžŒì€ ë¬´ì¡°ê±´ ì—¬ê¸°!,https://place.map.kakao.com/26235884,1
76,í”¼ì˜¤ë‹ˆí™ëŒ€ì ,3.8,Â­,2.0,ì¼€ì´í¬ê°€ í•˜ë„ ìœ ëª…í•˜ê¸¸ëž˜ ì™€ë´¤ëŠ”ë° ê·¸ëƒ¥ê·¸ëŸ¼ í¬ë¦¼ ë„ˆë¬´ë„ˆë¬´ ëŠë¼í•´ì„œ ì´ í•œìž…ì§œë¦¬ ì¡°ê° í•˜ë‚˜ë„ ë‹¤ ëª»ë¨¹ì„ë»” ë”¸ê¸°ì£¼ìŠ¤ëŠ” ë§›ìžˆìŒ,https://place.map.kakao.com/26235884,0
77,í”¼ì˜¤ë‹ˆí™ëŒ€ì ,3.8,ë¹„íŒìž,3.0,,https://place.map.kakao.com/26235884,0
78,í”¼ì˜¤ë‹ˆí™ëŒ€ì ,3.8,ìšœë¡œë¦¬ë¦¬ë¦¬,5.0,,https://place.map.kakao.com/26235884,1
79,í”¼ì˜¤ë‹ˆí™ëŒ€ì ,3.8,.,4.0,,https://place.map.kakao.com/26235884,1
80,í”¼ì˜¤ë‹ˆí™ëŒ€ì ,3.8,ë§›ìž‡ëŠ”ë° í‰ì ì—†ìœ¼ë©´ ê¸€ë‚¨ê¸°ëŠ”ì• ,5.0,ë§›ì´ ë°”ê»´ì„œ ë³„ë¡œë¼ëŠ” ë¶„ë“¤ ë§Žì•„ì„œ ê±±ì •í–ˆëŠ”ë° ìƒê°ì™¸ë¡œ ë„˜ í”„ë ˆì‹œí•˜ê³  ë§›ìžˆì—ˆìŠµë‹ˆë‹¤ã…œã…œì œì² ì´ ì•„ë‹ˆì˜€ëŠ”ë°ë„ ë¶ˆêµ¬í•˜ê³  ë”¸ê¸°ë„ ë„˜ì‹±ì‹±í•˜ê³  ì‹±ê·¸ëŸ¬ì›Œì„œ ìƒí¬ë¦¼ì´ëž‘ ìž˜ë§žëŠ” ë§›ì´ë”ë¼êµ¬ìš©!!í”¼ì˜¤ë‹ˆí•˜ë©´ ë”¸ê¸°ì¼€ìµ!í•˜ëŠ”ì´ìœ ê°€ ë­”ì§€ ê¹¨ë‹«ê³  ê°‘ë‹ˆë‹¤..!,https://place.map.kakao.com/26235884,1
81,í”¼ì˜¤ë‹ˆí™ëŒ€ì ,3.8,han,4.0,ë”¸ê¸°ë¹™ìˆ˜ëž‘ ë”¸ê¸° ì¼€ì´í¬ê°€ ë§›ìžˆì–´ìš”! ì»¤í”¼ë‚˜ íƒ€ìŒë£ŒëŠ” ê·¸ëƒ¥ í‰ë²”í•¨. ê°œì¸ì ìœ¼ë¡  ë¹™ìˆ˜ ì¡´ë§›. ê·¼ë° ì‚¬ëžŒì´ ë„ˆë¬´ ë§Žì•„ì„œ(ëŒ€ê¸°ìžë„ ìžˆê³ ..) ëˆˆì¹˜ ë³´ì—¬ìš”.,https://place.map.kakao.com/26235884,1
82,í”¼ì˜¤ë‹ˆí™ëŒ€ì ,3.8,ã…‡,5.0,ë§›ìžˆì–´ìš” ë¹™ìˆ˜ ì¼€ì´í¬ ëª¨ë‘ ë§›ìžˆëŠ”ë° ì‚´ì§ ë¹„ì‹¼ê° ì—†ì§€ ì•Šë„¤ìš”,https://place.map.kakao.com/26235884,1
83,í”¼ì˜¤ë‹ˆí™ëŒ€ì ,3.8,ìµœ,4.0,,https://place.map.kakao.com/26235884,1
84,í”¼ì˜¤ë‹ˆí™ëŒ€ì ,3.8,ë¯¸ì˜,4.0,ì €ëŠ” ìƒê°ë³´ë‹¤ ì˜ì˜ í–ˆë˜ ê³³ì´ì—ìš”,https://place.map.kakao.com/26235884,1
85,í”¼ì˜¤ë‹ˆí™ëŒ€ì ,3.8,ìœ ë””,3.0,í¬ë¦¼ì´ ì‹ë¬¼ì„±í¬ë¦¼ì¸ì§€ ìž…ì†ì— ìžê¾¸ ê¸°ë¦„ë¼ê³  ëŠë¼í•´ìš”â€¦ì‹¤ë§â€¦,https://place.map.kakao.com/26235884,0
86,í”¼ì˜¤ë‹ˆí™ëŒ€ì ,3.8,ëƒ ëƒ ì´,4.0,8ë…„ ì „ì—ëŠ” ìš°ìœ í¬ë¦¼ì´ ë¶ˆí˜¸ì˜€ëŠ”ë°8ë…„ í›„ ë‹¤ì‹œ ë¨¹ì–´ë³´ë‹ˆ ë§›ìžˆë„¤ëŠ™ìœ¼ë‹ˆ ìž…ë§›ë„ ë³€í•˜ë‚˜ë³´ë‹¤ë³„ì  ì˜¬ë ¤ì„œ ìˆ˜ì •í•¨,https://place.map.kakao.com/26235884,1
87,í”¼ì˜¤ë‹ˆí™ëŒ€ì ,3.8,linijil,5.0,ì•Œë°”ê°€ ìž˜ìƒê¹€2í˜¸ì  ì•Œë°”ë„ ìž˜ìƒê¹€ì´ˆì½”ì¼€ì´í¬ - ì•ˆ ë‹¬ì•„ì„œ ì¢‹ì•˜ìŒë”¸ê¸°ì¼€ì´í¬ - ìš°ìˆ˜í•¨2ì¡°ê° ë¨¹ê³  í•œíŒ í¬ìž¥í•´ê°,https://place.map.kakao.com/26235884,1
88,í”¼ì˜¤ë‹ˆí™ëŒ€ì ,3.8,ê´‘ê³ ì‹œëŸ¬,3.0,ì¼€ì´í¬ëŠ” ë„ˆë¬´ ë§›ìžˆëŠ”ë° ë§¤ìž¥ì— ë‚ íŒŒë¦¬ê°€ ë„ˆë¬´ ë§Žì•„ì„œ ì«“ìœ¼ë©´ì„œ ê¸‰í•˜ê²Œ ì¼€ì´í¬ ë¨¹ëŠë¼ íž˜ë“¤ì—ˆì–´ìš”,https://place.map.kakao.com/26235884,0
89,í”¼ì˜¤ë‹ˆí™ëŒ€ì ,3.8,ê¿€ê¿€,4.0,,https://place.map.kakao.com/26235884,1
90,í”¼ì˜¤ë‹ˆí™ëŒ€ì ,3.8,ê¿”ê½ˆ,5.0,ë”¸ê¸°ì¼€ì´í¬ ì—„ì²­ ë¶€ë“œëŸ½ë„¤ìš” ë§›ìžˆì–´ìš”! ê·¼ë° 1ì‹œê°„ë°–ì— ëª» ìžˆëŠ” ê±´ ì•„ì‰½ë„¤ìš”,https://place.map.kakao.com/26235884,1
91,í”¼ì˜¤ë‹ˆí™ëŒ€ì ,3.8,ë ˆëª¬íŠ¸ë¦¬,5.0,ë§›ìžˆìŠµë‹ˆë‹¤,https://place.map.kakao.com/26235884,1
92,í”¼ì˜¤ë‹ˆí™ëŒ€ì ,3.8,Jen,5.0,ë¹„ì‹¸ê¸´í•´ë‘ ë§›ì€ ìžˆë‹¤,https://place.map.kakao.com/26235884,1
93,í”¼ì˜¤ë‹ˆí™ëŒ€ì ,3.8,ë§›ì§‘ì•Œë¦¬ë¯¸,5.0,ì¡´ë§›,https://place.map.kakao.com/26235884,1
94,í”¼ì˜¤ë‹ˆí™ëŒ€ì ,3.8,êµ¬íŒŒë°œì™•ì–¸ë‹ˆ,4.0,ì†”ì§ížˆ ëˆˆì¹˜ê°€ ë³´ì—¬ì„œ ê·¸ë ‡ì§€ ì—¬ê¸° ë”¸ê¸° ì‡¼íŠ¸ì¼€ì´í¬ ì•‰ì€ ìžë¦¬ì—ì„œ í•œ íŒ ëšë”± ê°€ëŠ¥ì´ì—ìš”. ì—¬ì„±ë¶„ë“¤ ì œ ë§ì´ í‹€ë ¸ë‚˜ìš”?,https://place.map.kakao.com/26235884,1
95,í”¼ì˜¤ë‹ˆí™ëŒ€ì ,3.8,í™ì•„ì§€,5.0,ìš°ë¦¬ëŠ” ë”¸ê¸°ì¼€ì´í¬,https://place.map.kakao.com/26235884,1
96,í”¼ì˜¤ë‹ˆí™ëŒ€ì ,3.8,ë‹¤ì†œ,4.0,ë¹™ìˆ˜ ë§›ì§‘ì´ì—¬ìœ ,https://place.map.kakao.com/26235884,1
97,í”¼ì˜¤ë‹ˆí™ëŒ€ì ,3.8,..,5.0,ë§›ìžˆì–´ì˜¤ã…›,https://place.map.kakao.com/26235884,1
98,í”¼ì˜¤ë‹ˆí™ëŒ€ì ,3.8,David.Kim,5.0,ì—¬ìžì¹œêµ¬ê°€ í™”ê°€ ë‚¬ì„ë•Œ ë°ë ¤ê°€ì¤˜,https://place.map.kakao.com/26235884,1
99,í”¼ì˜¤ë‹ˆí™ëŒ€ì ,3.8,ë‚˜ë¥¼ ìœ„í•œ ë©”ëª¨,3.0,ë¹µì´ ë„ˆë¬´ ë‘êº¼ì›Œì„œ ìƒí¬ë¦¼ê³¼ ë”¸ê¸°ì˜ ë¹„ìœ¨ì´ ìƒê°ë³´ë‹¤ ì ìŒ,https://place.map.kakao.com/26235884,0
100,í”¼ì˜¤ë‹ˆí™ëŒ€ì ,3.8,xmas,2.0,"ëˆˆê½ƒë¹™ìˆ˜: ì¼ë°˜ì ì¸ ëˆˆê½ƒë¹™ìˆ˜ì˜ ì«„ê¹ƒí•¨ì€ ì—†ê³  ì‚¬ë¥´ë¥´ ë…¹ëŠ” ìŠ¤íƒ€ì¼ì´ë¼ ë¬´ê²Œê°ì€ ê°€ë²¼ìš´ìª½ì— ì†í•œë‹¤.ë‹¨ë§›ì€ ìµœëŒ€í•œ ë°°ì œí–ˆìœ¼ë‚˜ ì–‘í„¸ê°™ì€ ë¹„ì¥¬ì–¼ì„ ë³´ê²Œë˜ë©´ íŽ˜ì½”ì§± í¬ë¦¼ë¹„ë¦°ë‚´ë¥¼ ë‚´ì‹¬ ê¸°ëŒ€í•˜ë‹¤ ë°”ë¡œ ì‹¤ë§í•˜ê²Œ ëœë‹¤. ì ‘ì‹œì— ë‚˜ì˜¨ ë”¸ê¸°ê³ ëª…ì€ ì‹œëŸ½ì©”ì€ëƒ‰ë™ë”°ìœ„ëŠ” ì•„ë‹ˆê³  ë¬½ì€ì‹œëŸ½ì— 1/5ë‹´ê¸´ ë‚˜ë¦„ ì‹ ì„ í•œë”¸ê¸°ì¸ë° ì´ ì• ë§¤í•œ ë‹¹ë„ì™€ í¬ë¦¼ë¹„ë¦°ë‚´ë¹ ì§„ ëˆˆê½ƒì´ ë§Œë‚˜ ì´ë„ì €ë„ ì•„ë‹Œ ë§Œì¡±ê°ì„ ì£¼ì–´ ì´ê²ƒì´ ê³¼ì—° ë””ì €íŠ¸ì¸ê°€ í•˜ëŠ” ìƒê°ì´ ë“¤ê²Œí•œë‹¤.  ì‚´ ì•ˆì°ŒëŠ” ëŠë‚Œì„ ëˆ„êµ°ê°€ëŠ” ì¢‹ì•„í• ìˆ˜ë„ ìžˆê² ìœ¼ë‚˜ ë””ì €íŠ¸ëŠ” ìŒì‹ê³¼ ì°¨ì™€ ì»¤í”¼ì™€ ìˆ ê³¼ ë‹´ë°°ê°€ ì±„ìš¸ìˆ˜ ì—†ëŠ” ê·¸ ë¬´ì–¸ê°€ë¥¼ ì±„ì›Œì¤˜ì•¼ ë””ì €íŠ¸ì´ë‹¤. ì‹œëŠ‰ë§Œí•´ì„œëŠ” ë””ì €íŠ¸ê°€ ì•„ë‹ˆë‹¤.ì •ë¦¬í•´ì„œ, ë‹¨ë§›ì—†ìœ¼ë©´ í¬ë¦¼ë§›í’ë¶€í•˜ë˜ê°€ ê³ ëª…ì—†ì´ ë¯¸ë‹ˆë©€ë¡œê°€ë ¤ë©´ ë”¸ê¸°ì™€ìš°ìœ ì¡°í•© ìž˜ ë§žì¶”ë˜ê°€.ê³ ê¸‰ì§„ ë‹¨ë§› ì•„ë‹˜. ì¡°í•© ìž˜ ì•Šë¨.",https://place.map.kakao.com/26235884,0
101,í”¼ì˜¤ë‹ˆí™ëŒ€ì ,3.8,ìœ ë¦¼,4.0,ì¢‹ì•„ì—¬,https://place.map.kakao.com/26235884,1
102,í”¼ì˜¤ë‹ˆí™ëŒ€ì ,3.8,ë§›ë”°ë…€,5.0,,https://place.map.kakao.com/26235884,1
103,í”¼ì˜¤ë‹ˆí™ëŒ€ì ,3.8,<3,5.0,ë”¸ê¸° ë¹™ìˆ˜ .. ì¡´ë§›íƒ± ..,https://place.map.kakao.com/26235884,1
104,í”¼ì˜¤ë‹ˆí™ëŒ€ì ,3.8,ì˜¤í˜¸ì•„í•˜,3.0,,https://place.map.kakao.com/26235884,0
105,í”¼ì˜¤ë‹ˆí™ëŒ€ì ,3.8,jpsohn,1.0,ì»¤í”¼ë§›ì´ ë³„ë¡œë‹¤  ì¼€ìµë„ ê·¸ì €ê·¸ë ‡ê³ ...,https://place.map.kakao.com/26235884,0
106,í”¼ì˜¤ë‹ˆí™ëŒ€ì ,3.8,Amy,5.0,,https://place.map.kakao.com/26235884,1
107,í”¼ì˜¤ë‹ˆí™ëŒ€ì ,3.8,ë¬´í•œë„ì „,5.0,ë”¸ê¸°ì‹œì¦Œì— ê¼­ ê°€ì•¼í•˜ëŠ”ê³³,https://place.map.kakao.com/26235884,1
108,í”¼ì˜¤ë‹ˆí™ëŒ€ì ,3.8,ì°ëŸ¬,5.0,ë„ˆë¬´ë§›ìžˆìŒ...ã… ã… ,https://place.map.kakao.com/26235884,1
109,í”¼ì˜¤ë‹ˆí™ëŒ€ì ,3.8,ã…‹,5.0,ë”¸ì¼€ì¡´ë§›,https://place.map.kakao.com/26235884,1
110,í”¼ì˜¤ë‹ˆí™ëŒ€ì ,3.8,ë°ì´,3.0,,https://place.map.kakao.com/26235884,0
111,í”¼ì˜¤ë‹ˆí™ëŒ€ì ,3.8,ëƒ ,5.0,ë”¸ê¸°ì¼€ì´í¬ ì¡°ì˜¤ì˜¤ì˜¨ë§‰,https://place.map.kakao.com/26235884,1
112,í”¼ì˜¤ë‹ˆí™ëŒ€ì ,3.8,ëª¨ë˜ë³´ì´,4.0,ëª‡ë…„ë§Œì— ë§‰ì–´ë³´ë„¤ìš”~ëª…ì„± ê·¸ëŒ€ë¡œ ì—¬ì „ížˆ ë§›ìžˆìŠµë‹ˆë‹¤.í™ëŒ€ì— ìžì£¼ ëª»ì™€ì„œ ì•„ì‰¬ìš¸ ë”°ë¦„ìž…ë‹ˆë‹¤~,https://place.map.kakao.com/26235884,1
113,í”¼ì˜¤ë‹ˆí™ëŒ€ì ,3.8,ë°©ë¬¸ìž,4.0,ë‚˜ì˜ì§€ ì•ŠìŒ,https://place.map.kakao.com/26235884,1
114,í”¼ì˜¤ë‹ˆí™ëŒ€ì ,3.8,.,5.0,í•­ìƒ ë§›ìžˆê²Œ ë¨¹ê³ ìžˆì–´ìš”! íŠ¹ížˆ ìƒí¬ë¦¼ì´ ë„ˆë¬´ ë§›ìžˆë„¤ìš”,https://place.map.kakao.com/26235884,1
115,í”¼ì˜¤ë‹ˆí™ëŒ€ì ,3.8,woo_88,5.0,ë”¸ê¸°ë¹™ìˆ˜ ì§„ì§œ ë§›ìžˆì–´ìš”!! ë¨¹ì–´ë³¸ë°ì¤‘ì— ì ¤ë§›ìžˆìŒ,https://place.map.kakao.com/26235884,1
116,í”¼ì˜¤ë‹ˆí™ëŒ€ì ,3.8,supernova,5.0,,https://place.map.kakao.com/26235884,1
117,í”¼ì˜¤ë‹ˆí™ëŒ€ì ,3.8,ë‰´í–„ì¥,5.0,ì˜ˆì „ì—ëŠ” ì‚¬ëžŒë“¤ì´ ì¤„ ë§Žì´ ì„¯ëŠ”ë° ìš”ì¦˜ë“¤ì–´ì„œ ì½”ë¡œë‚˜ ë•Œë¬¸ì¸ì§€ ê·¸ë ‡ê²Œ ì‚¬ëžŒì´ ë§Žì§€ëŠ” ì•Šë„¤ìš”~ì‚¬ëžŒì´ ì—†ì–´ì„œ ì „ ì¢‹ì•˜ì–´ìš”,https://place.map.kakao.com/26235884,1
118,í”¼ì˜¤ë‹ˆí™ëŒ€ì ,3.8,ì‹ ìœ ë¹ˆ,4.0,ì¢‹ìŒ,https://place.map.kakao.com/26235884,1
119,í”¼ì˜¤ë‹ˆí™ëŒ€ì ,3.8,ë¸Œë¦¬ì—,4.0,10ë…„ë„˜ê²Œ ì¢‹ì•„í•˜ëŠ” ì¼€ì´í¬ì§‘ì´ì˜ˆìš” ìš”ìƒˆ ë„ˆë¬´ ì¼€ì´í¬ ë§›ì§‘ë“¤ì´ ë§Žì•„ì„œ ì˜ˆì „ë§Œí¼ì˜ ê°ë™ì€ ì—†ì§€ë§Œ.. ã… ã…  ê·¸ëž˜ë„ ìƒí¬ë¦¼ë”¸ê¸°ì¼€ì´í¬ì¤‘ì—” ë‹¨ì—° ìµœê³ ìž…ë‹ˆë‹¹,https://place.map.kakao.com/26235884,1
120,í”¼ì˜¤ë‹ˆí™ëŒ€ì ,3.8,ì´ì„œì—°,5.0,ì¡´ë§ˆíƒ±. ë”¸ê¸° ìƒí¬ë¦¼ ì¼€ì´í¬ëŠ” í”¼ì˜¤ë‹ˆê°€ ìµœê³ ìž„..,https://place.map.kakao.com/26235884,1
121,í”¼ì˜¤ë‹ˆí™ëŒ€ì ,3.8,ì±„ëë“±ì‹¬,3.0,"ì•„ì£¼ ì˜¤ëžœë§Œì— ê°”ì—ˆëŠ”ë°, ìƒí¬ë¦¼ì´ ì˜ˆì „ì˜ ë§›ì´ ì•„ë‹Œ ê²ƒ ê°™ì•„ì„œ ë‹¹í™©ìŠ¤ëŸ½ê¸°ë„ í•˜ê³ , ì•ˆíƒ€ê¹ê¸°ë„ í•˜ê³ . ì—¬ìžì¹œêµ¬ê°€ ë§‰ ë– ë‚œ ê²ƒ ê°™ê¸°ë„ í•˜ê³ ..ã… ã…  ìƒí¬ë¦¼ì´ ì˜ˆì „ì—ë„ ì´ë ‡ê²Œ ë¯¸ë„ë©ê±°ë ¸ë˜ê°€ ì‹¶ìŒ. ë¶„ëª…ížˆ ì•ˆê·¸ëž¬ì—ˆëŠ”ë°... ì§„í•˜ê³  ë¶€ë“œëŸ¬ì›€ì˜ ê·¹ì¹˜ì˜€ëŠ”ë°.",https://place.map.kakao.com/26235884,0
122,í”¼ì˜¤ë‹ˆí™ëŒ€ì ,3.8,ê¹€íƒœí›ˆ,5.0,,https://place.map.kakao.com/26235884,1
123,í”¼ì˜¤ë‹ˆí™ëŒ€ì ,3.8,êµ°ì˜¥ìˆ˜ìˆ˜,4.0,ê°€ë” ì—¬ê¸° ë”¸ê¸°ì¼€ì´í¬ ìƒê°ë‚˜ìš” ã…‹ã…‹,https://place.map.kakao.com/26235884,1
124,í”¼ì˜¤ë‹ˆí™ëŒ€ì ,3.8,ê±°ì§“ë§ëª»í•¨,1.0,ì„œë¹„ìŠ¤ ìµœì•…,https://place.map.kakao.com/26235884,0
125,í”¼ì˜¤ë‹ˆí™ëŒ€ì ,3.8,lucky,4.0,ë”¸ê¸° ìƒí¬ë¦¼ì¼€ì´í¬ ë§›ìžˆì–´ìš”. ê°€ê²©ì€ ì¢€ ìžˆêµ¬ìš”ìŒë£ŒëŠ” ì˜ˆì˜ìƒ ì‹œí‚¤ëŠ” ì •ë„..?,https://place.map.kakao.com/26235884,1
126,í”¼ì˜¤ë‹ˆí™ëŒ€ì ,3.8,ê¹€ì˜¤ìŠ¤í‹´,4.0,ì¼€ì´í¬ ì§„ì§œ ë§›ìžˆì–´ìš” ìƒí¬ë¦¼ì´ ì•ˆëŠë¼í•¨ ê·¼ë° ìŒë£Œ ë³„ë¡œ ë§›ì´ ì—†ì–´ìš” ì¼€ì´í¬ë§Œ ë“œì„¸ìš”,https://place.map.kakao.com/26235884,1
127,í”¼ì˜¤ë‹ˆí™ëŒ€ì ,3.8,ì¼€ì¼€ë¡±,4.0,ìƒí¬ë¦¼ì¼€ìžŒ ìœ ëª…í•˜ëŒ€ì„œ ì¤„ì„œì„œ ì‚¬ë¨¹ì—ˆëŠ”ë° ì €ëŠ” ì™œ ì‚¬ëžŒë“¤ì´ ì´ë ‡ê²Œ ì¤„ê¹Œì§€ ì„œê°€ë©´ì„œ ë¨¹ì–´ì•¼ë˜ë‚˜ ì‹¶ì—ˆì–´ìš”..ã…Žã…Ž,https://place.map.kakao.com/26235884,1
128,í”¼ì˜¤ë‹ˆí™ëŒ€ì ,3.8,tjsal0109,4.0,ë³´ê¸°ë§Œí•´ë„ ì´ì˜ê³  ë§›ë‚˜ë³´ì´ëŠ” ì¼€ìµ~ ì—­ì‹œ ë§›ìžˆì–´ìš”. ì§±!! ë‹¤ìŒì— ë˜ ë°©ë¬¸ í• ê»˜ìš”~,https://place.map.kakao.com/26235884,1
129,í”¼ì˜¤ë‹ˆí™ëŒ€ì ,3.8,ë§ˆìˆ˜ìˆ ìˆ˜ë¦¬,5.0,ë§›ìžˆì–´ìš”~ ì¼€ì´í¬ ì•ˆ ë¨¹ìœ¼ë©´ ì•ˆ ë©ë‹ˆë‹¤.,https://place.map.kakao.com/26235884,1
130,í”¼ì˜¤ë‹ˆí™ëŒ€ì ,3.8,ë§í‹°ì¥¬,4.0,í¬ë¦¼ì´ í•˜ë‚˜ë„ ì•ˆ ëŠë¼í•˜ê³  ì™„ì „ ê¹”ë”í•´ìš” ì‹œíŠ¸ë„ ìž…ì—ì„œ ë…¹ë“¯ì´ ë¶€ë“œëŸ½ê³ ... ê·¸ëƒ¥ ë§›ìžˆëŠ” ë”¸ê¸°ì¼€ì´í¬ì˜ ì •ì„,https://place.map.kakao.com/26235884,1
131,í”¼ì˜¤ë‹ˆí™ëŒ€ì ,3.8,ëª°ë£¨,3.0,,https://place.map.kakao.com/26235884,0
132,í”¼ì˜¤ë‹ˆí™ëŒ€ì ,3.8,í—¤ì´,5.0,ë”¸ê¸°ìƒí¬ë¦¼ì¼€ì´í¬ì˜ ì§„ì§œ ì§„ìˆ˜ë¥¼ ë§›ë³´ê³ í”„ë©´ ì—¬ê¸°ìž„.ì¡°ê°ì•„ë‹ˆê³  í™€ì¼€ì´í¬ë¡œ 1ì¸ 1íŒ ë¨¹ì–´ë„ í›„íšŒì•ˆí•¨. ì˜¤ížˆë ¤ í•œíŒ ë” í˜¹ì€ ì—¬ê¸°ê°€ ì§‘ì˜†ê°€ê²Œì´ê¸¸ ë°”ë¼ê²Œë¨.,https://place.map.kakao.com/26235884,1
133,í”¼ì˜¤ë‹ˆí™ëŒ€ì ,3.8,ì‚¬ëž‘ì´,5.0,í•˜ë„ ìœ ëª…í•˜ëŒ€ì„œ ì¹œêµ¬ ìƒì¼ë‚  í™€ì¼€ì´í¬ ì£¼ë¬¸í•´ì„œ ë¨¹ì–´ë´£ëŠ”ë° ë§›ìžˆë„¤ìš©,https://place.map.kakao.com/26235884,1
134,í”¼ì˜¤ë‹ˆí™ëŒ€ì ,3.8,í˜¸ìž‡,5.0,ë”¸ê¸° ìƒí¬ë¦¼ ì¼€ìžŒì€ í”¼ì˜¤ë‹ˆê°€ ë‹´ë°±í•˜ê³  ì§±ìž„.,https://place.map.kakao.com/26235884,1
135,í”¼ì˜¤ë‹ˆí™ëŒ€ì ,3.8,â˜„,4.0,,https://place.map.kakao.com/26235884,1
136,í”¼ì˜¤ë‹ˆí™ëŒ€ì ,3.8,ë‡¸ë‡¸,4.0,ë”¸ê¸°ì¼€ìµë¨¹ê³ ì‹¶ì„ë•Œë§ˆë‹¤ì˜´,https://place.map.kakao.com/26235884,1
137,í”¼ì˜¤ë‹ˆí™ëŒ€ì ,3.8,ë¦ë‚˜,3.0,ìŒ ë³´í†µì´ì—ìš” ã…‹ã…‹ ê·¼ë° ìš”ì¦˜ ì›Œë‚™ ë¹™ìˆ˜ê°€ ë¹„ì‹¸ì¡Œë‹¤ë³´ë‹ˆ ì €ë ´í•œ ê±° ë•¡ê¸¸ ë•Œ ìº”ëª¨ì•„ ë°”ì´ë¸Œë¡œ ì˜¤ê¸° ì¢‹ì„ ë“¯ì¼€ìµì€ ë¹„ì‹¼íŽ¸ì‚¬ëžŒ ë§Žì•„ìš”~,https://place.map.kakao.com/26235884,0
138,í”¼ì˜¤ë‹ˆí™ëŒ€ì ,3.8,ì˜¤ìœ ë¼,4.0,,https://place.map.kakao.com/26235884,1
139,í”¼ì˜¤ë‹ˆí™ëŒ€ì ,3.8,ì£ ë¥´ë””ì´,5.0,ë”¸ê¸°ì¼€ì´í¬ ë“£ë˜ëŒ€ë¡œ ë§›ìžˆì—ˆì–´ìš”!,https://place.map.kakao.com/26235884,1
140,í”¼ì˜¤ë‹ˆí™ëŒ€ì ,3.8,ì™„ê·œ,4.0,"ì¶”ì–µì˜ í”¼ì˜¤ë‹ˆ,,ëª‡ë…„ë§Œì— ë¨¹ì—ˆëŠ”ë° ë¹™ìˆ˜ ì•„ì§ë„ ë§›ìžˆì–´ìš” ã…Žã…Ž",https://place.map.kakao.com/26235884,1
141,í”¼ì˜¤ë‹ˆí™ëŒ€ì ,3.8,ì„œì›ë™ë‚ ë‹¤ëžŒì¥,3.0,"15ë…„ë„ì— ì˜¤ê³  5ë…„ ë§Œì— ìž¬ë°©ë¬¸í–ˆëŠ”ë° ë§›ì´ ë§Žì´ ë³€í–ˆë„¤ìš” ... í¬ë¦¼ë„ ì¢€ êµ³ì—ˆê³ ... í¬ë¦¼ë§›ì´ ë˜ê²Œ ì¢‹ì•˜ë˜ ê±¸ë¡œ ê¸°ì–µí•˜ê³  ìžˆëŠ”ë°, ì§€ê¸ˆì€ íŒŒë¦¬ë°”ê²ŒíŠ¸ëž‘ ë¹„ìŠ·í•˜ë„¤ìš” ... ë¨¹ì„ë§Œì€ í•˜ì§€ë§Œ ìŒë£Œë‚˜ ë””ì €íŠ¸ ê°€ê²©ì— ë¹„í•´ì„  ë³„ë¡œì¸ë“¯",https://place.map.kakao.com/26235884,0
142,í”¼ì˜¤ë‹ˆí™ëŒ€ì ,3.8,í›„íž£,3.0,2012ë…„ì¯¤ ì²˜ìŒ í”¼ì˜¤ë‹ˆ ë°©ë¬¸í–ˆì„ ë•Œê¹¨ë—í•œ ë¹„ì£¼ì–¼ê³¼ ì‹ ì„ í•œ ì‹ê°ì— ì—„ì²­ë‚œ ì¶©ê²©ì„ ë°›ì•˜ëŠ”ë°ì˜¤ëžœë§Œì— ë‹¤ì‹œ ê°€ë‹ˆ ì˜ˆì „ë§Œ ëª»í•˜ë„¤ìš”...,https://place.map.kakao.com/26235884,0
143,í”¼ì˜¤ë‹ˆí™ëŒ€ì ,3.8,ë§›ì§‘ì¢‹í•˜,4.0,ì•½ 4ë…„? ì „ì— ë°©ë¬¸í•˜ê³  ì˜¤ëžœë§Œì— ë‹¤ì‹œ ê°”ëŠ”ë°ì˜¤ëžœë§Œì— ë§›ìžˆëŠ” ë”¸ê¸°ì¼€ìžŒ ë¨¹ì–´ì„œ ê¸°ë¶„ ì¢‹ì•˜ìŒì´ˆì½”ì¹˜ì¦ˆì¼€ìžŒì€ ê¾¸ë•í•œ ë¸Œë¼ìš°ë‹ˆ ë§›ì»¤í”¼ë§›ì€ ê·¸ì € ê·¸ë ‡ë‹¤,https://place.map.kakao.com/26235884,1
144,í”¼ì˜¤ë‹ˆí™ëŒ€ì ,3.8,ë‘ë¶€,1.0,,https://place.map.kakao.com/26235884,0
145,í”¼ì˜¤ë‹ˆí™ëŒ€ì ,3.8,ì •ì§í•¨ì´íŠ€ì–´ë‚˜ì™€,1.0,ë”¸ê¸°ì¼€ìµ...ë„ˆë¬´ ê·¸ëƒ¥ê·¸ëƒ¥....,https://place.map.kakao.com/26235884,0
146,í”¼ì˜¤ë‹ˆí™ëŒ€ì ,3.8,ëƒ ,3.0,,https://place.map.kakao.com/26235884,0
147,í”¼ì˜¤ë‹ˆí™ëŒ€ì ,3.8,b,3.0,ë”¸ê¸° ìƒí¬ë¦¼ í™€ì¼€ìžŒì´ 16000ì› í•˜ë˜ ì‹œì ˆ ì¢‹ì•„í–ˆë‹¤ê°€ ì˜¤ëžœë§Œì— ë¨¹ì–´ë³´ë‹ˆ íŠ¹ë³„í•œ ë§›ì´ ì•„ë‹ˆëž€ê±¸ ê¹¨ë‹¬ìŒ. ì´ˆì½”ìƒí¬ë¦¼ì€ ë™ë„¤ ë¹µì§‘ ì•„ë¬´ì¼€ìžŒ ê°™ìŒ.,https://place.map.kakao.com/26235884,0
148,í”¼ì˜¤ë‹ˆí™ëŒ€ì ,3.8,ë³´ìš©,3.0,ë§ˆìŠ¨ìžˆëŠ”ë° ê¸ˆë°©ì§ˆë¦¼ ë‹¤ë¨¹ì–´ë³¸ì ì´ì—†ìŒ,https://place.map.kakao.com/26235884,0
149,í”¼ì˜¤ë‹ˆí™ëŒ€ì ,3.8,êµ¬êµ¬,5.0,ì›¨ì´íŒ… ì—†ì—ˆìŒ. ê·¸ëž˜ì„œ ê·¸ëŸ°ê°€ ë§Œì¡±ìŠ¤ëŸ¬ì›€! ë™ë¬¼ì„± ìƒí¬ë¦¼ ì™„ì „ì£ ì•„,https://place.map.kakao.com/26235884,1
150,í”¼ì˜¤ë‹ˆí™ëŒ€ì ,3.8,ë§›ìžˆêµ¬ë‚˜,4.0,ë”¸ê¸°ìƒí¬ë¦¼ì¼€ì´í¬ ë§›ìžˆë‹¤. ë‹¤ í•„ìš”ì—†ê³  ì—¬ê¸°ëŠ” ë¬´ì¡°ê±´ ë”¸ê¸°ìƒí¬ë¦¼ì´ë‹¤.,https://place.map.kakao.com/26235884,1
151,í”¼ì˜¤ë‹ˆí™ëŒ€ì ,3.8,ë¯¼ì´ˆëŸ½,2.0,ì¤„ì„œì„œ ì™œë¨¹ëŠ”ì§€ ëª¨ë¥´ê² ëŠ” ì™€ì •ë§ ë§›ìžˆë‹¤ ë¼ê¸°ë³´ë‹¤ëŠ”ê·¸ëƒ¥ ê¹”ë”í•œ ë§›ì˜ ì¼€ì´í¬ì˜ˆìš”ì¢ì€ê³µê°„ì´ë¼ í…Œì´ë¸” ë‹¤ë‹¥ë‹¤ë‹¥ ë¶™ì–´ìžˆì–´ìš”,https://place.map.kakao.com/26235884,0
152,í”¼ì˜¤ë‹ˆí™ëŒ€ì ,3.8,í›ˆí›ˆ,1.0,ë§›ì—†ì–´ìš” ã… í¬ë¦¼ë§›ë„ ë¹µë§›ë„ ë”¸ê¸°ë§›ë„ ë‹¤ ë³„ë¡œ..,https://place.map.kakao.com/26235884,0
153,í”¼ì˜¤ë‹ˆí™ëŒ€ì ,3.8,JJ,2.0,ì¼€ì´í¬ í™€ì‚¬ì´ì¦ˆ ìž‘ì€ê±° ìƒ€ëŠ”ë° ì‹œíŠ¸ ì‚¬ì´ì— ë”¸ê¸° ìŠ¬ë¼ì´ìŠ¤ ëª‡ê°œ ì•ˆë“¤ì–´ìžˆë„¤ìš”ìƒë”¸ê¸°ê°€ ë§Žì´ ë“¤ì–´ìžˆë‹¤ê³  ì•Œê³  ìžˆëŠ”ë° ì•„ë‹Œê°€ ë´ì—¬,https://place.map.kakao.com/26235884,0
154,í”¼ì˜¤ë‹ˆí™ëŒ€ì ,3.8,í˜„,5.0,ë”¸ê¸°ë¹™ìˆ˜ëŠ” ë„˜ì‚¬ê¸‰ìœ¼ë¡œ ë§›ìžˆìœ¼ë‚˜ ì¼€ì´í¬ëŠ” ê°œì¸ì ìœ¼ë¡œ ë¹„ì¶”ìž…ë‹ˆë‹¤ .. ë¹™ìˆ˜ì˜ ë§›ì„ ë”°ë¼ê°€ì§€ëª»í•´ìš” .. í•­ìƒì‚¬ëžŒì´ ë§Žì§€ë§Œ ì•Œë°”ìƒë“¤ì€ ì¹œì ˆí•˜ì‹œê³  ë§Œì•½ ì—°ìœ ë¥¼ ì‹«ì–´í•˜ì‹ ë‹¤ë©´ ì•ˆê°€ì‹œëŠ” ê²ƒì´ ì¢‹ìŠµë‹ˆë‹¤!,https://place.map.kakao.com/26235884,1
155,í”¼ì˜¤ë‹ˆí™ëŒ€ì ,3.8,ìœ ì§„í˜•ðŸ¥”,4.0,ë¹™ìˆ˜ê°€ ë§›ìžˆìŠµë‹ˆë‹¤,https://place.map.kakao.com/26235884,1
156,í”¼ì˜¤ë‹ˆí™ëŒ€ì ,3.8,ì•Œë¦¬ì˜¤ì˜¬ë¦¬ì˜¤,5.0,ë§›ìžˆë‹¹ ì¼€ì´í¬ ì „ë¶€,https://place.map.kakao.com/26235884,1
157,í”¼ì˜¤ë‹ˆí™ëŒ€ì ,3.8,S. Kim,5.0,ë”¸ê¸°ë¹™ìˆ˜ b,https://place.map.kakao.com/26235884,1
158,í”¼ì˜¤ë‹ˆí™ëŒ€ì ,3.8,ìœ ë‚˜,5.0,ë”¸ê¸°ë¹™ìˆ˜ë§›ìžˆê³  ë”¸ê¸°ìš°ìœ ê°œê¿€ë§›..ì§±ìž…ë‹ˆë‹¤,https://place.map.kakao.com/26235884,1
159,í”¼ì˜¤ë‹ˆí™ëŒ€ì ,3.8,K,5.0,ë¨¹ê³  ì´ì•¼ê¸°í•˜ì„¸ìš”!,https://place.map.kakao.com/26235884,1
160,í”¼ì˜¤ë‹ˆí™ëŒ€ì ,3.8,ë§Œë‘,3.0,ìœ ëª…í•˜ê¸¸ëž˜ ê°€ë´¤ëŠ”ë° .. ë„ˆë¬´ ê¸°ëŒ€í•˜ê³  ê°”ë‚˜ë´ìš”. ì¡°ê¸ˆ ì•„ì‰¬ì›€..,https://place.map.kakao.com/26235884,0
161,í”¼ì˜¤ë‹ˆí™ëŒ€ì ,3.8,Sandie,3.0,ì¼€ì´í¬ê°€ ê¸°ëŒ€ë§Œí¼ ë§›ìžˆì§€ ì•Šì•˜ìŠµë‹ˆë‹¤. ë‘˜ì´ì„œ í•œ ì¡°ê° ë¨¹ëŠ”ë° ì ˆë°˜ ì •ë„ ë¨¹ìœ¼ë‹ˆ ëŠë¼í•˜ë‹¨ ìƒê°ë„ ë“¤ì—ˆêµ¬ìš”. ë”¸ê¸°ì£¼ìŠ¤ëŠ” ë§›ìžˆì—ˆìŠµë‹ˆë‹¤,https://place.map.kakao.com/26235884,0
162,í”¼ì˜¤ë‹ˆí™ëŒ€ì ,3.8,í˜œëŒ,3.0,ì¼€ì´í¬ëŠ” ì—„~~~~~~ì²­ ë§›ì—†ê³ (í½í½í•˜ê³  ì‹¸êµ¬ë ¤ ë§›) ë”¸ê¸°ë¹™ìˆ˜ëŠ” ì—„~~~~ì²­ ë§›ìžˆìŠµë‹ˆë‹¤. ë¹™ìˆ˜ë§›ì§‘^^.....,https://place.map.kakao.com/26235884,0
163,í”¼ì˜¤ë‹ˆí™ëŒ€ì ,3.8,bbo,3.0,,https://place.map.kakao.com/26235884,0
164,í”¼ì˜¤ë‹ˆí™ëŒ€ì ,3.8,ë§›í‰ì‹,2.0,,https://place.map.kakao.com/26235884,0
165,í”¼ì˜¤ë‹ˆí™ëŒ€ì ,3.8,ì—¬í–‰,4.0,"ë§›ìžˆì–´ìš”. ë§›ìžˆëŠ”ë° ìœ ëª…ì„¸ì— ë¹„í•´ íŠ¹ë³„í•˜ê²Œ ë§›ìžˆëŠ” ê±´ ëª¨ë¥´ê² ì–´ìš”. ìƒí¬ë¦¼ë”¸ê¸°ì¼€ì´í¬í•˜ë©´ ë‹¤ë“¤ í”¼ì˜¤ë‹ˆë¼ëŠ”ë° ëŒ€í•œë¯¼êµ­ ëŒ€í‘œê²©ì¸ì§„ ëª¨ë¥´ê² ìŒ. ì¹œêµ¬ë‚˜ ê°€ì¡±ë“¤ë„ ë‹¤ë“¤ ë§›ìžˆë‹¤ê³  ë§Œì¡±í•´ìš”. ì¼€ì´í¬ ê°€ê²©ì€......ìš”ì¦˜ ì„œìš¸ ì‹œë‚´ ì¼€ì´í¬ ê°€ê²© êµ¬ì„ ë™ë„¤ë¼ë„ ë„˜ í™• ì˜¬ë¼ì„œ...ì¼€ì´í¬ í•œ ì¡°ê°ì— 4000ì› ëŒ€ë©´ ê°ì‚¬í• ì§€ê²½ ã… ã… ã…‹ í•œ ì¡°ê° 7~8ì²œ ì› ëŒ€ì¸ ê³³ì´ í”í•¨. ì¼ë³¸ í›„ì¿ ì˜¤ì¹´ ì‹œë‚´ ìœ ëª… ì¼€ì´í¬ ê°€ê²Œ ë‹¤ ê°€ë´¤ëŠ”ë° ì¼ë³¸ì´ í•œêµ­ë³´ë‹¤ ì‹¸ë”êµ°ìš” ã… ã…  ìš”ì¦˜ì˜ í˜•íƒœë¡œ ì•Œë ¤ì§„ ë‹¤ì¿ ì•„ì¦ˆ ë§Œë“  ëª…ìž¥ì´ ìš´ì˜í•˜ëŠ” ê³³, í”„ëž‘ìŠ¤ ìž¥ì¸ì´ í•˜ëŠ” ê³³ë„ í•œêµ­ ê°€ê²Œë“¤ë³´ë‹¤ ìŒˆ ã…‹ã…‹ã…‹ã…‹ ê·¸ë§Œí¼ ìš¸ë‚˜ë¼ ìž„ëŒ€ë£Œë‚˜ ë¬¼ê°€ê°€ ë§Žì´ ë¹„ì‹¼ê°€ë³´ë‹¤...í•©ë‹ˆë‹¤ ã… ã… ",https://place.map.kakao.com/26235884,1
166,í”¼ì˜¤ë‹ˆí™ëŒ€ì ,3.8,.,1.0,"ë”¸ê¸°ìƒí¬ë¦¼ì¼€ìžŒë§ê³  ë”´ì¼€ìžŒì€ ë‹¤ ë³„ë¡œê³ ,ê·¸ë‚˜ë§ˆ ë§›ìžˆëŠ” ë”¸ê¸°ìƒí¬ë¦¼ì¼€ìžŒë„ ë¨¹ëŠ”ë° ìž…ì•ˆì— í¬ë¦¼ì´ ë“¤ëŸ¬ë¶™ì–´ìš”;;ì‹¸êµ¬ë ¤ì“°ì‹œë‚˜ë´ìš” ì´ëŸ°í€„ë¦¬í‹°ì— ì‚¬ëžŒì´ ì™œ ë§Žì€ì§€ ì˜ë¬¸",https://place.map.kakao.com/26235884,0
167,í”¼ì˜¤ë‹ˆí™ëŒ€ì ,3.8,survivor,1.0,"ì™„ì „ ë‚šì˜€ë„¤. ì¼€ìžŒ ì €ê²Œ 12,600ì›. íŒŒë¦¬ë°”ê²ŒíŠ¸ë³´ë‹¤ ë§›ë„ ì—†ìŒ. í•œìŠ¤ì¼€ìžŒì´ë‚˜ ë¨¹ëŠ” ê²Œ í›¨ ë‚˜ìŒ.",https://place.map.kakao.com/26235884,0
168,í”¼ì˜¤ë‹ˆí™ëŒ€ì ,3.8,ì—ì–´í•„ë¦½,3.0,ë”¸ê¸°ë¹™ìˆ˜ êµ¿,https://place.map.kakao.com/26235884,0
169,í”¼ì˜¤ë‹ˆí™ëŒ€ì ,3.8,ðŸŒ¸,1.0,íŽ˜ë¶ ê±°í’ˆ....ë³„ë¡œ ë§›ìžˆì§€ë„ ì•Šì•„ìš”...,https://place.map.kakao.com/26235884,0
170,í”¼ì˜¤ë‹ˆí™ëŒ€ì ,3.8,ì­ˆë‹ˆì­ˆë‹ˆ,2.0,"ë”¸ê¸°ë¹™ìˆ˜ëŠ” ê·¸ëƒ¥ ê·¸ë ‡ë„¤ìš”. ë”¸ê¸°ì ˆìž„ê³¼ ì—°ìœ , ëˆˆê½ƒë¹™ìˆ˜ê°€ ëª¨ë‘ ë”°ë¡œ ë…¸ëŠ” ë§›....",https://place.map.kakao.com/26235884,0
171,í”¼ì˜¤ë‹ˆí™ëŒ€ì ,3.8,ë„ì„ ìƒ,5.0,ë”¸ê¸°ì¼€ì´í¬ì—¬ê¸°ê°€ ê°‘,https://place.map.kakao.com/26235884,1
172,í”¼ì˜¤ë‹ˆí™ëŒ€ì ,3.8,ì´ˆë¡,4.0,ì œê°€ 2ì‹œë°˜ì¯¤ì— ê°”ì„ë•ŒëŠ” ì›¨ì´íŒ…ì´ ì ì—ˆìŠµë‹ˆë‹¤. ë¹™ìˆ˜ì‹œì¼°ëŠ”ë° ë”¸ê¸°ê°€ ê³„ì ˆì´ ê³„ì ˆì´ë¼ì„œ ë§Žì´ ì‹œë”ë¼ê³ ìš” ã…Žã…Žê·¸ëž˜ë„ ë§›ìžˆì—ˆìŠµë‹ˆë‹¤~ ë‹´ì—ëŠ” ë´„ì— ì˜¤ë ¤êµ¬ìš”.,https://place.map.kakao.com/26235884,1
173,í”¼ì˜¤ë‹ˆí™ëŒ€ì ,3.8,ë°•ë¯¼ì§€,3.0,,https://place.map.kakao.com/26235884,0
174,í”¼ì˜¤ë‹ˆí™ëŒ€ì ,3.8,ê³ ë…í•œ íƒì‹ê°€,4.0,'ì‡¼ì½œë¼ìœ°'ê³¼ í•¨ê»˜ í™ëŒ€ ì•ž ë”¸ê¸°ì¼€ì´í¬ì˜ íˆ¬íƒ‘. ì‹ ì„ í•œ ìƒí¬ë¦¼ê³¼ ë”¸ê¸°ì˜ ì–´ìš°ëŸ¬ì§ì´ ì¢‹ì€ ë‹¬ë‹¬í•¨ì´ ë„ˆë¬´ ì¢‹ë‹¤.,https://place.map.kakao.com/26235884,1
175,í”¼ì˜¤ë‹ˆí™ëŒ€ì ,3.8,í˜¸ëž­ì´,1.0,ê±°í’ˆ ê»´ì„œ ì˜¤ë§Œí•¨ì´ ìž¥ë‚œì•„ë‹˜. í­ì—¼ì¸ë° ì§ì›ì´ ìž…êµ¬ ë§‰ê³  ìžˆìœ¼ë©´ ì•ˆ ëœë‹¤ê³  í¬ìž¥ ì•„ë‹ˆë©´ ëŒ€ê¸°ë¦¬ìŠ¤íŠ¸ì— ì´ë¦„ ì ê³  ë°–ì—ì„œ ê¸°ë‹¤ë¦¬ë¼ê³  ë‚´íŒ½ê°œì¹¨. ë§í•´ë¼,https://place.map.kakao.com/26235884,0
176,í”¼ì˜¤ë‹ˆí™ëŒ€ì ,3.8,vivâ™¥,4.0,ì¼€ì´í¬1íŒ í´ë¦¬ì–´! ì†Œë¦„ë¼ì¹˜ê²Œ ë§›ìžˆì§€ëŠ” ì•Šì§€ë§Œ ë§›ìžˆëŠ” ìƒí¬ë¦¼!,https://place.map.kakao.com/26235884,1
177,í”¼ì˜¤ë‹ˆí™ëŒ€ì ,3.8,ìž¥ê¸ˆì´,3.0,,https://place.map.kakao.com/26235884,0
178,í”¼ì˜¤ë‹ˆí™ëŒ€ì ,3.8,ì–‘ìŠëž­,3.0,,https://place.map.kakao.com/26235884,0
179,í”¼ì˜¤ë‹ˆí™ëŒ€ì ,3.8,ê³µê³¼ìž¥,3.0,ê°€ê²©ì€ ì˜¤ë¥´ê³  ë”¸ê¸°ëŠ” ì ì–´ì§€ê³ ë§›ì€ ì˜ˆì „ë§Œ ëª»í•˜ê³ ...ì´ëŸ¬ë‹¤ê°€ í›… ê°ˆê¹Œ ê±±ì •ì´,https://place.map.kakao.com/26235884,0
180,í”¼ì˜¤ë‹ˆí™ëŒ€ì ,3.8,ì œìŠ¤íŠ¸,3.0,ë”¸ê¸° ì£¼ìŠ¤ëŠ” ë‹¤ë¥¸ë° ëž‘  ì°¨ì´ëŠ” ì—†ë„¤ìš”ë™ë„¤ì„œ   ë¨¹ëŠ”ê²Œ ë‚®ê² ì–´ìš” ã…¡.ã…¡,https://place.map.kakao.com/26235884,0
181,í”¼ì˜¤ë‹ˆí™ëŒ€ì ,3.8,jin_hyoung,5.0,,https://place.map.kakao.com/26235884,1
182,í”¼ì˜¤ë‹ˆí™ëŒ€ì ,3.8,ì´ì˜ˆì°¬,5.0,ë§›ìžˆë„¤ì—,https://place.map.kakao.com/26235884,1
183,í”¼ì˜¤ë‹ˆí™ëŒ€ì ,3.8,ã…‹ã…‹,5.0,,https://place.map.kakao.com/26235884,1
184,í”¼ì˜¤ë‹ˆí™ëŒ€ì ,3.8,sp,4.0,,https://place.map.kakao.com/26235884,1
185,í”¼ì˜¤ë‹ˆí™ëŒ€ì ,3.8,ì¹¸íƒˆë¡œí”„,2.0,,https://place.map.kakao.com/26235884,0
186,í”¼ì˜¤ë‹ˆí™ëŒ€ì ,3.8,MJay Ko ê³  ë¯¼ì •,3.0,Strawberry Whipped Cream Cake,https://place.map.kakao.com/26235884,0
187,í”¼ì˜¤ë‹ˆí™ëŒ€ì ,3.8,ê³ ì¹´ì†Œ,5.0,,https://place.map.kakao.com/26235884,1
188,í”¼ì˜¤ë‹ˆí™ëŒ€ì ,3.8,glutenpig,4.0,ogë§›ì§‘ë§›ìžˆìœ¼ë‚˜ ì›¨ì´íŒ…&ë¶ˆíŽ¸í•œìžë¦¬ê·¸ëž˜ë„ ë§›ìžˆìŒ,https://place.map.kakao.com/26235884,1
189,í”¼ì˜¤ë‹ˆí™ëŒ€ì ,3.8,Z,2.0,,https://place.map.kakao.com/26235884,0
190,í”¼ì˜¤ë‹ˆí™ëŒ€ì ,3.8,ë‚´ê°€ì§„ì§œì©ì©ë°•ì‚°ë°ë‹¤ë”°ë¼í•˜ë„¤,3.0,ê·¸ëƒ¥ê·¸ëƒ¥ê·¸ëŸ°ë§›í¬ë¦¼ì´ë‚˜ ë”¸ê¸° ëª¨ë‘ ì¢€ ì•„ì‰¬ì›Œìš”,https://place.map.kakao.com/26235884,0
191,í”¼ì˜¤ë‹ˆí™ëŒ€ì ,3.8,ë¸”ë¸”,4.0,ë”¸ê¸°ë¹™ìˆ˜ê¸ˆë°©ë…¹ì•„ì„œ ì•„ì‰¬ì›¡ ã… ã…œ,https://place.map.kakao.com/26235884,1
192,í”¼ì˜¤ë‹ˆí™ëŒ€ì ,3.8,Choi Dong Sik,4.0,ë§›ìžˆë„¤ìš”,https://place.map.kakao.com/26235884,1
193,í”¼ì˜¤ë‹ˆí™ëŒ€ì ,3.8,ì •ì§„í˜¸,5.0,,https://place.map.kakao.com/26235884,1
194,í”¼ì˜¤ë‹ˆí™ëŒ€ì ,3.8,ak,5.0,,https://place.map.kakao.com/26235884,1
195,í”¼ì˜¤ë‹ˆí™ëŒ€ì ,3.8,í˜„ì„ ,4.0,,https://place.map.kakao.com/26235884,1
196,í”¼ì˜¤ë‹ˆí™ëŒ€ì ,3.8,ê·¸ë¦¬ê³ ,5.0,ë¨¹ì–´ë³¸ ë”¸ê¸° ì¼€ì´í¬ì¤‘ ê°€ìž¥ ë§›ìžˆì—ˆìŒë„ˆë¬´ ë‹¬ì§€ì•Šì§€ë„ ëŠë¼í•˜ì§€ë„ ì•ŠìŒ,https://place.map.kakao.com/26235884,1
197,í”¼ì˜¤ë‹ˆí™ëŒ€ì ,3.8,ì „ì£¼í¬,5.0,ë´„ì´ë¼ ë” ë§›ìžˆë‹¤,https://place.map.kakao.com/26235884,1
198,í”¼ì˜¤ë‹ˆí™ëŒ€ì ,3.8,ì •ì€,5.0,ë”¸ê¸° ìƒí¬ë¦¼ì¼€ìµ/ë”¸ê¸° ë¹™ìˆ˜,https://place.map.kakao.com/26235884,1
